{"sparse_grid_resolution": 512, "sparse_grid_voxel_size": 0.00390625, "range_features": [-7.0, 7.0], "range_density": [-14.0, 14.0], "z_min_init": 213.0, "LS_z": 88.0, "occgridsize": 512, "occvoxelsize": 0.00390625, "triplane_resolution": 2048, "triplane_resolution_z": 352, "triplane_resolution_z_init": 852, "triplane_voxel_size": 0.0009765625, "data_block_size": 16, "atlas_width": 1836, "atlas_height": 289, "atlas_depth": 17, "num_slices": 17, "slice_depth": 1, "0_weights": [[-0.3371918499469757, 3.866495370864868, -1.5559903383255005, -0.14279857277870178, 1.5116463899612427, 1.9179089069366455, 0.8940744996070862, 2.3002731800079346, 0.27869096398353577, 0.8638819456100464, 0.6459002494812012, 0.36052510142326355, -0.10859337449073792, -3.0191128253936768, 1.9213693141937256, -0.284185528755188], [-0.864622175693512, -1.993694543838501, -0.30988404154777527, -0.45396602153778076, -2.6956920623779297, -1.0811691284179688, 1.8740583658218384, -0.5894128084182739, -0.11652092635631561, 2.1943564414978027, 1.1992521286010742, 2.511105537414551, -0.30366793274879456, -2.5287747383117676, 1.2230907678604126, -0.37318626046180725], [1.5115522146224976, 3.476754665374756, -0.452247679233551, 2.406938314437866, -1.9553194046020508, -2.8250133991241455, 0.7787923216819763, -1.353707194328308, -0.21505425870418549, 1.9777909517288208, 1.378088355064392, 0.4951469600200653, 0.26090478897094727, -0.4712478220462799, 1.864801049232483, -0.22545261681079865], [3.385352611541748, 0.2982398271560669, 0.912972092628479, -2.252871513366699, 3.410205125808716, -1.289279818534851, 3.237776756286621, -1.47637140750885, -0.5277559161186218, -1.2008825540542603, -3.0490572452545166, 2.362549304962158, 5.952733516693115, 3.9742608070373535, 0.8172186613082886, -0.35875681042671204], [1.3134931325912476, 1.1814121007919312, -0.8110224008560181, 0.7687312364578247, -0.8404712080955505, -1.7172960042953491, -2.510793685913086, -0.31343454122543335, 0.12045161426067352, -0.6979066729545593, 2.723832368850708, -2.2612125873565674, -1.0319504737854004, -1.8674108982086182, -1.7892094850540161, 0.020599184557795525], [-0.08620066195726395, -1.432155966758728, -0.47584718465805054, -0.8144242167472839, -1.9167011976242065, -1.0354838371276855, 0.5027723908424377, -2.4791951179504395, -0.08404403924942017, -0.37979596853256226, -0.41220688819885254, 0.5532644987106323, -0.5098224878311157, 0.3867309093475342, 0.06099982559680939, -0.5313156843185425], [0.9349702596664429, 0.6424093246459961, 1.988002896308899, 0.24895153939723969, 0.25500041246414185, 3.191190004348755, 0.3303174674510956, -0.3884790539741516, -0.021319424733519554, -1.5580635070800781, -0.26943162083625793, 0.4959377944469452, -0.44369152188301086, 0.43066126108169556, -0.6612710356712341, -0.2316567748785019], [0.23833014070987701, 0.06897056102752686, -0.004266577772796154, -0.3699401021003723, -0.3534216582775116, 0.9234389662742615, 0.12912948429584503, -0.3246350884437561, 0.05865436792373657, -0.3745959401130676, -0.20004265010356903, -0.4068254232406616, 0.07894698530435562, 0.12363508343696594, -0.231703981757164, -0.16484704613685608], [0.11652928590774536, -0.17893041670322418, 0.24515122175216675, 0.014723842963576317, -0.03548628091812134, -0.2508935034275055, -0.6488963961601257, -0.003267634194344282, 0.06873857229948044, 0.10012241452932358, -0.08919021487236023, -0.1549101322889328, -0.374996542930603, -0.09166956692934036, -0.34333157539367676, 0.010647742077708244], [-0.14669296145439148, 0.15213467180728912, -0.11332536488771439, -0.25659647583961487, 0.0019026368390768766, -0.24089834094047546, 0.28335174918174744, 0.25429767370224, 1.1564202308654785, 0.06588642299175262, -0.03070162795484066, 0.9307872653007507, -0.3018242120742798, -0.00348937907256186, -0.1940717250108719, 0.07390483468770981], [0.1742628812789917, 0.14285358786582947, 0.2454494684934616, -0.05335421860218048, -0.002654819516465068, 0.8636619448661804, 0.0019983858801424503, -0.057597558945417404, 0.17807838320732117, -0.11010456830263138, -0.035818930715322495, -0.0707903802394867, -0.02097691223025322, 0.00021937437122687697, -0.08068689703941345, -0.02531011775135994], [-0.003110405756160617, -0.18428170680999756, 0.5126005411148071, -0.32150837779045105, 0.07172788679599762, -0.32905492186546326, -0.08347214758396149, 0.1536092758178711, 0.012162016704678535, 0.08566645532846451, 0.1387508064508438, -0.008811933919787407, -0.2881031334400177, 0.01888948865234852, -0.15653927624225616, -0.0071458593010902405], [0.12795284390449524, 0.08730389922857285, -0.2518468499183655, -0.37715640664100647, 0.10096664726734161, 0.002385214436799288, 0.3310457170009613, 0.15356333553791046, 1.1290034055709839, -0.019102860242128372, 0.07778780162334442, 0.5317690968513489, -0.3402468264102936, 0.18720176815986633, 0.0674530491232872, 0.06761639565229416], [-0.24824835360050201, -0.10400145500898361, 0.19888661801815033, 0.23107552528381348, 0.1632423847913742, 0.6346653699874878, -0.08825886994600296, 0.33317098021507263, 0.027774199843406677, 0.3555021584033966, 0.08704401552677155, 0.4561358392238617, -0.15445491671562195, -0.14391671121120453, 0.230226531624794, 0.09241344779729843], [0.04568176344037056, 0.33920103311538696, 0.4758572578430176, -0.12248646467924118, -0.21323856711387634, -0.3857448995113373, 0.42010846734046936, -0.11779811233282089, -0.09953264892101288, -0.24538512527942657, -0.07954774796962738, 0.09436032921075821, 0.05312904343008995, 0.12565189599990845, 0.24167020618915558, 0.025943933054804802], [0.04302890971302986, -0.1520819067955017, -0.1621357649564743, -0.32830810546875, -0.18034608662128448, 0.21577928960323334, 0.006202041171491146, 0.1906600147485733, 1.1333012580871582, -0.07364542037248611, 0.035564206540584564, 0.32968610525131226, -0.1234038770198822, 0.22637023031711578, -0.0460076779127121, -0.05070783942937851], [0.11534062027931213, -0.03584197536110878, -0.0764591246843338, 0.0010989612201228738, -0.04348611831665039, -0.40058279037475586, -0.07211259007453918, -0.19939951598644257, -0.09955169260501862, 0.032201316207647324, 0.023915616795420647, -0.1326986402273178, 0.06354659050703049, 0.013034041039645672, 0.029963642358779907, -0.009158750995993614], [0.09842600673437119, -0.14039385318756104, -0.03153892606496811, 0.016732461750507355, 0.04657008498907089, 0.11273076385259628, -0.10758187621831894, 0.053174495697021484, 0.05464261397719383, 0.33964428305625916, 0.019509734585881233, -0.14631423354148865, -0.08931586891412735, -0.060869261622428894, -0.039743006229400635, 0.021965768188238144], [0.15333975851535797, -0.4679666757583618, 0.5495806336402893, 0.8516409993171692, 0.03687873110175133, 0.7450159788131714, -0.8150808811187744, -0.3667362630367279, -2.299997091293335, -0.4958960711956024, 1.01720130443573, -0.8698248267173767, 0.40218767523765564, -0.4719540476799011, -0.11832920461893082, 0.1646820604801178], [-0.0044496445916593075, 0.0209149569272995, 0.033945366740226746, -0.012058195658028126, -0.004198287148028612, -0.052442412823438644, 0.02703450806438923, 0.0073584094643592834, 0.03636329993605614, -0.04445626214146614, -0.003721238812431693, 0.00507828313857317, -0.018427953124046326, 0.005649354308843613, -0.010155350901186466, 0.027323663234710693], [-0.00040864155744202435, 0.011213413439691067, 0.03332969546318054, -0.0032231053337454796, 0.12172546982765198, -0.020407013595104218, -0.013113078661262989, 0.0005350486026145518, -0.009659312665462494, -0.04152046516537666, 0.0012943666661158204, 0.0071617658250033855, -0.006051716860383749, -0.007695164997130632, 0.009370822459459305, -0.08700971305370331], [-1.4341096878051758, -0.38128843903541565, -0.19173690676689148, 0.7281543612480164, -4.088803768157959, 0.35822659730911255, -2.240589141845703, -1.5694581270217896, 1.901240348815918, -0.5532451868057251, 0.06277744472026825, -1.2020721435546875, 0.6690647602081299, 0.6088157296180725, 0.025717051699757576, -0.17845898866653442], [-0.03823690488934517, 