{"sparse_grid_resolution": 512, "sparse_grid_voxel_size": 0.00390625, "range_features": [-7.0, 7.0], "range_density": [-14.0, 14.0], "z_min_init": 181.0, "occgridsize": 512, "occvoxelsize": 0.00390625, "triplane_resolution": 2048, "triplane_resolution_z": 204, "triplane_resolution_z_init": 724, "triplane_voxel_size": 0.0009765625, "data_block_size": 16, "atlas_width": 1836, "atlas_height": 289, "atlas_depth": 17, "num_slices": 17, "slice_depth": 1, "0_weights": [[0.7269195914268494, -2.5911920070648193, 1.2528643608093262, -0.6156685948371887, -3.130410671234131, 0.22209393978118896, 0.4526320993900299, 3.6368696689605713, 0.02790640853345394, -1.4581228494644165, 0.16160693764686584, 0.7621549367904663, 1.7320374250411987, 1.5076603889465332, -0.029040686786174774, -0.7774643301963806], [1.8069664239883423, -0.8155959248542786, -1.4412424564361572, -0.39395326375961304, -8.820653915405273, -0.4308118522167206, -0.4289338290691376, 0.6698856949806213, 0.7956961989402771, 1.4088499546051025, 1.3082674741744995, -0.2668208181858063, -0.1911628693342209, 2.1814918518066406, -0.17750217020511627, -0.9878152012825012], [2.255964517593384, -2.3620498180389404, -3.7860825061798096, -1.3107272386550903, -4.037438869476318, -3.6374411582946777, -1.2820026874542236, -7.038814067840576, 0.0592615008354187, -2.3804142475128174, 3.0512068271636963, -1.5300788879394531, -2.0927734375, 3.154867649078369, -0.4121251404285431, 0.19264183938503265], [2.424090623855591, -1.0735647678375244, 0.012495690025389194, 0.9921289086341858, -0.8631373047828674, -1.4467525482177734, -0.21437521278858185, -2.4221107959747314, 1.4150469303131104, -0.5345100164413452, 1.0940896272659302, -0.4286509156227112, -3.305428981781006, 0.0014602901646867394, -0.4680953323841095, 0.44178634881973267], [-0.12122971564531326, -1.7904959917068481, -4.476191520690918, -0.7993755340576172, -5.882482051849365, -10.869576454162598, -0.06611093133687973, -29.300992965698242, -0.9497568607330322, 0.9114248752593994, 1.6575233936309814, -0.10972891002893448, 0.11777206510305405, 0.2662772238254547, 0.2670001983642578, 1.1912249326705933], [1.6004289388656616, -1.1291097402572632, -2.103515386581421, -0.7337372899055481, -1.4193717241287231, -5.902758598327637, -0.15859657526016235, -6.189413070678711, -0.5158843994140625, -0.16963040828704834, 2.860903024673462, -0.7713972330093384, -6.996482849121094, -0.4525960087776184, -1.8052648305892944, -3.712390184402466], [-2.5310540199279785, 7.047497749328613, 6.167775630950928, -1.8602662086486816, 9.204156875610352, 4.31999397277832, -1.4998648166656494, 0.15359272062778473, -11.494613647460938, 9.91276741027832, -3.1352810859680176, 1.7647472620010376, 6.372560501098633, 1.7874479293823242, 3.1809566020965576, 10.05610179901123], [0.13568316400051117, -0.39328745007514954, -0.10851342231035233, 0.05033149942755699, -0.0740920826792717, -0.06770551949739456, -0.12657031416893005, 0.07825774699449539, 0.24405695497989655, 0.2615337371826172, 0.00840681977570057, 0.03854012116789818, -0.3920867443084717, 0.07415464520454407, -0.37060317397117615, -0.41854575276374817], [0.20941162109375, -0.05583449825644493, -0.39992958307266235, 0.33122265338897705, 0.2511259913444519, -0.4130254089832306, -0.036698292940855026, -0.07077135890722275, -0.2710288166999817, -0.15442417562007904, -0.21251945197582245, -0.03635549917817116, -0.25087234377861023, -0.09448149800300598, -0.7081742286682129, 0.07088692486286163], [-0.2500624656677246, -0.11931471526622772, 0.03133516013622284, -0.08451753109693527, 0.112281933426857, -0.25603756308555603, 0.5169506669044495, 1.412567138671875, -0.25437724590301514, -0.036500733345746994, 0.1939462274312973, 1.328286051750183, -0.07367753237485886, -0.2347358763217926, -0.26789435744285583, -0.10538845509290695], [0.15904341638088226, -0.1891244500875473, 0.10692828893661499, 0.21778622269630432, 0.1517965942621231, -0.023384932428598404, -0.08813157677650452, 0.10468591749668121, 0.4020121693611145, 0.3361979126930237, 0.05282970890402794, 0.13685421645641327, -0.22441928088665009, 0.0005053182831034064, -0.3484198749065399, -0.22067485749721527], [-0.030283330008387566, -0.14851167798042297, -0.04054047912359238, 0.09002167731523514, 0.22775223851203918, -0.21479345858097076, 0.20439453423023224, 0.1528075486421585, -0.15531393885612488, -0.0858994722366333, 0.051592521369457245, 0.09321334213018417, -0.18017490208148956, 0.021747879683971405, -0.5383637547492981, -0.019487997516989708], [0.009620451368391514, -0.16038842499256134, -0.13448761403560638, -0.22946657240390778, 0.2209758311510086, -0.06693638861179352, 0.6654798984527588, 1.2416012287139893, -0.20681823790073395, -0.09155149012804031, 0.28766506910324097, 0.996463418006897, -0.13205523788928986, 0.0012775987852364779, 0.02456129528582096, -0.09094138443470001], [-0.047404151409864426, -0.0999133363366127, -0.021840116009116173, 0.11730752885341644, -0.04704716429114342, 0.04780808091163635, 0.294961541891098, -0.09042643755674362, 0.35145166516304016, 0.30811944603919983, -0.11646861582994461, -0.028536904603242874, 0.3504978120326996, 0.0016448854003101587, -0.3738008141517639, 0.052686646580696106], [-0.28250405192375183, 0.15615525841712952, 0.21046528220176697, 0.516635000705719, -0.3806864023208618, 0.4441342055797577, -0.1335582286119461, 0.013295002281665802, 0.18077553808689117, -0.19661034643650055, -0.05757763981819153, 0.13050222396850586, 0.11016124486923218, 0.1294897198677063, -0.20287254452705383, -0.16278086602687836], [-0.11873900890350342, -0.3237057328224182, -0.1426371932029724, -0.26995137333869934, -0.04163505509495735, -0.021451668813824654, 0.6368741989135742, 1.0145881175994873, 0.048391882330179214, -0.04889233782887459, 0.18585510551929474, 0.9770351648330688, 0.01889600232243538, 0.17959488928318024, 0.002074088202789426, -0.14241616427898407], [-0.328607976436615, -0.2832386791706085, 0.12778154015541077, -0.13032874464988708, 0.00710346270352602, -0.01512256171554327, -0.176848903298378, -0.015256526879966259, -0.02283605933189392, -0.28492382168769836, 0.0540330745279789, -0.22034111618995667, -0.07740111649036407, -0.07899437844753265, 0.39608022570610046, -0.11331997811794281], [0.3687697649002075, -0.05020318552851677, -0.002785655902698636, 0.029585203155875206, 0.055586181581020355, -0.08583035320043564, -0.10726284235715866, -0.003781887935474515, -0.16677790880203247, 0.28482648730278015, 0.0209927037358284, -0.13003820180892944, -0.08261598646640778, 0.0003936306165996939, -0.1360965073108673, 0.17113526165485382], [-0.003514605574309826, -0.10572128742933273, -0.29376092553138733, -0.22574865818023682, 0.1495342254638672, -0.35109245777130127, 0.8438743948936462, -0.5335828065872192, 0.10189047455787659, 0.2941029965877533, 0.05651555955410004, 0.7580139636993408, 0.2073727399110794, 0.2209804207086563, 0.44046130776405334, 1.0024056434631348], [-0.129598930478096, -0.14696767926216125, 0.02462669461965561, 0.22541502118110657, -0.02883414551615715, -0.006266042590141296, 0.1545010507106781, -0.014635013416409492, 0.15455766022205353, -0.12389299273490906, -0.04074287414550781, 0.293229877948761, -0.028028707951307297, -0.006402087863534689, -0.06806067377328873, -0.17287665605545044], [-0.04201432690024376, 0.14501437544822693, -0.004998154006898403, -0.07128874957561493, -0.014177254401147366, 0.003149645635858178, -0.16011089086532593, -0.021852897480130196, -0.08171489089727402, 0.2778428792953491, -0.06005815416574478, -0.3216577172279358, -0.09856493026018143, -0.03497614711523056, 0.09885115176439285, -0.05691057816147804], [0.02414780855178833, -0.054251596331596375, -0.13253523409366608, 0.2651154100894928, 0.052876099944114685, -0.15300990641117096, -0.3482401967048645, -0.12109613418579102, -0.1610541194677353, 0.1358158141374588, -0.009335885755717754, -0.6513500809669495, 0.04525487869977951, 0.10530534386634827, 0.2901465594768524, 0.3175206780433655], [0.23000314831733704, 0.49893489480018616, 